id,narrative
1,"He is 67, a man in the West who values familiar routines and the people he sees most often. On a typical workday, he heads to his sales or office job, spending the bulk of the day interacting with coworkers and customers, answering calls, and keeping things organized behind the scenes. With a college degree, he tends to see learning as something that extends beyond school, through everyday problem-solving and small improvements. Outside of work, he stays connected through a small circle of friends and relatives, trading messages and visits that break up the week. On weekends, he often keeps things simple, seeing relatives when possible, attending occasional community or religious gatherings, and taking time to rest. Across these routines, he places value on reliability, treating others fairly, and doing his share, whether at work, at home, or in the broader community."
2,"She is 56 years old, she has settled into a steady rhythm in the West, where routines give structure to most days. On a typical workday, she heads to her management or professional job, spending the bulk of the day in an office setting, juggling emails, meetings, and longer-term projects that require planning and careful follow-through. With some college or technical training, she tends to see learning as something that extends beyond school, through everyday problem-solving and small improvements. Evenings are quieter, shaped by a mix of personal time and check-ins with relatives or close friends, who offer steady companionship. In spare hours, she prefers familiar routines: a favorite TV program, light reading, or small projects around the home that keep things in order. Across these routines, she places value on reliability, treating others fairly, and doing her share, whether at work, at home, or in the broader community."
3,"At 33, this woman in the Midwest balances work, personal commitments, and quiet plans for the next few years. On a typical workday, she heads to her military job, spending the bulk of the day balancing training, schedules, and duties that demand discipline, teamwork, and attention to detail. With some college or technical training, she tends to see learning as something that extends beyond school, through everyday problem-solving and small improvements. Outside of work, she stays connected through a small circle of friends and relatives, trading messages and visits that break up the week. Free time is divided between staying in touch with family, keeping up with a few close friends, and handling everyday chores like shopping and cooking. Across these routines, she places value on reliability, treating others fairly, and doing her share, whether at work, at home, or in the broader community."
4,"She is 24, a woman living in the Northeast, still shaping her path in work and life. On a typical workday, she heads to her construction or maintenance job, spending the bulk of the day doing hands-on work, often outdoors or in busy facilities, where practical skills matter more than formal titles. With a college degree, she tends to see learning as something that extends beyond school, through everyday problem-solving and small improvements. Outside of work, she stays connected through a small circle of friends and relatives, trading messages and visits that break up the week. Weeknights might include meeting a friend after work, watching shows, or scrolling through messages, while weekends are reserved for casual gatherings, errands, and catching up on rest. Across these routines, she places value on reliability, treating others fairly, and doing her share, whether at work, at home, or in the broader community."
5,"She is 46 years old, she has settled into a steady rhythm in the West, where routines give structure to most days. On a typical workday, she heads to her production or transportation job, spending the bulk of the day working with machines, tools, or vehicles, following routines that keep goods and people moving reliably. With some college or technical training, she tends to see learning as something that extends beyond school, through everyday problem-solving and small improvements. After work, she usually returns home to a spouse, sharing dinner, stories from the day, and the quiet tasks that keep the household running. In spare hours, she prefers familiar routines: a favorite TV program, light reading, or small projects around the home that keep things in order. Across these routines, she places value on reliability, treating others fairly, and doing her share, whether at work, at home, or in the broader community."
6,"He is 25, a man living in the South, still shaping his path in work and life. On a typical workday, he heads to his military job, spending the bulk of the day balancing training, schedules, and duties that demand discipline, teamwork, and attention to detail. With a high school education, he tends to see learning as something that extends beyond school, through everyday problem-solving and small improvements. Outside of work, he stays connected through a small circle of friends and relatives, trading messages and visits that break up the week. Weeknights might include meeting a friend after work, watching shows, or scrolling through messages, while weekends are reserved for casual gatherings, errands, and catching up on rest. Across these routines, he places value on reliability, treating others fairly, and doing his share, whether at work, at home, or in the broader community."
7,"At 32, this woman in the West balances work, personal commitments, and quiet plans for the next few years. On a typical workday, she heads to her construction or maintenance job, spending the bulk of the day doing hands-on work, often outdoors or in busy facilities, where practical skills matter more than formal titles. With a graduate degree, she tends to see learning as something that extends beyond school, through everyday problem-solving and small improvements. Outside of work, she stays connected through a small circle of friends and relatives, trading messages and visits that break up the week. Free time is divided between staying in touch with family, keeping up with a few close friends, and handling everyday chores like shopping and cooking. Across these routines, she places value on reliability, treating others fairly, and doing her share, whether at work, at home, or in the broader community."
8,"She is 69, a woman in the South who values familiar routines and the people she sees most often. On a typical workday, she heads to her production or transportation job, spending the bulk of the day working with machines, tools, or vehicles, following routines that keep goods and people moving reliably. With a high school education, she tends to see learning as something that extends beyond school, through everyday problem-solving and small improvements. Evenings are quieter, shaped by a mix of personal time and check-ins with relatives or close friends, who offer steady companionship. On weekends, she often keeps things simple, seeing relatives when possible, attending occasional community or religious gatherings, and taking time to rest. Across these routines, she places value on reliability, treating others fairly, and doing her share, whether at work, at home, or in the broader community."
9,"She is 49 years old, she has settled into a steady rhythm in the West, where routines give structure to most days. On a typical workday, she heads to her construction or maintenance job, spending the bulk of the day doing hands-on work, often outdoors or in busy facilities, where practical skills matter more than formal titles. With a college degree, she tends to see learning as something that extends beyond school, through everyday problem-solving and small improvements. After work, she usually returns home to a spouse, sharing dinner, stories from the day, and the quiet tasks that keep the household running. In spare hours, she prefers familiar routines: a favorite TV program, light reading, or small projects around the home that keep things in order. Across these routines, she places value on reliability, treating others fairly, and doing her share, whether at work, at home, or in the broader community."
10,"She is 73, a woman in the Midwest who values familiar routines and the people she sees most often. On a typical workday, she heads to her production or transportation job, spending the bulk of the day working with machines, tools, or vehicles, following routines that keep goods and people moving reliably. With a college degree, she tends to see learning as something that extends beyond school, through everyday problem-solving and small improvements. Evenings are quieter, shaped by a mix of personal time and check-ins with relatives or close friends, who offer steady companionship. On weekends, she often keeps things simple, seeing relatives when possible, attending occasional community or religious gatherings, and taking time to rest. Across these routines, she places value on reliability, treating others fairly, and doing her share, whether at work, at home, or in the broader community."
11,"She is 23, a woman living in the Northeast, still shaping her path in work and life. On a typical workday, she heads to her management or professional job, spending the bulk of the day in an office setting, juggling emails, meetings, and longer-term projects that require planning and careful follow-through. With a college degree, she tends to see learning as something that extends beyond school, through everyday problem-solving and small improvements. Outside of work, she stays connected through a small circle of friends and relatives, trading messages and visits that break up the week. Weeknights might include meeting a friend after work, watching shows, or scrolling through messages, while weekends are reserved for casual gatherings, errands, and catching up on rest. Across these routines, she places value on reliability, treating others fairly, and doing her share, whether at work, at home, or in the broader community."
12,"At 43, this woman in the South balances work, personal commitments, and quiet plans for the next few years. On a typical workday, she heads to her management or professional job, spending the bulk of the day in an office setting, juggling emails, meetings, and longer-term projects that require planning and careful follow-through. With a graduate degree, she tends to see learning as something that extends beyond school, through everyday problem-solving and small improvements. Evenings are quieter, shaped by a mix of personal time and check-ins with relatives or close friends, who offer steady companionship. Free time is divided between staying in touch with family, keeping up with a few close friends, and handling everyday chores like shopping and cooking. Across these routines, she places value on reliability, treating others fairly, and doing her share, whether at work, at home, or in the broader community."
13,"At 43, this man in the Midwest balances work, personal commitments, and quiet plans for the next few years. On a typical workday, he heads to his military job, spending the bulk of the day balancing training, schedules, and duties that demand discipline, teamwork, and attention to detail. With less than a high school education, he tends to see learning as something that extends beyond school, through everyday problem-solving and small improvements. After work, he usually returns home to a spouse, sharing dinner, stories from the day, and the quiet tasks that keep the household running. Free time is divided between staying in touch with family, keeping up with a few close friends, and handling everyday chores like shopping and cooking. Across these routines, he places value on reliability, treating others fairly, and doing his share, whether at work, at home, or in the broader community."
14,"At 30, this woman in the South balances work, personal commitments, and quiet plans for the next few years. On a typical workday, she heads to her production or transportation job, spending the bulk of the day working with machines, tools, or vehicles, following routines that keep goods and people moving reliably. With some college or technical training, she tends to see learning as something that extends beyond school, through everyday problem-solving and small improvements. Outside of work, she stays connected through a small circle of friends and relatives, trading messages and visits that break up the week. Free time is divided between staying in touch with family, keeping up with a few close friends, and handling everyday chores like shopping and cooking. Across these routines, she places value on reliability, treating others fairly, and doing her share, whether at work, at home, or in the broader community."
15,"He is 83, a man in the Midwest who values familiar routines and the people he sees most often. On a typical workday, he heads to his military job, spending the bulk of the day balancing training, schedules, and duties that demand discipline, teamwork, and attention to detail. With a high school education, he tends to see learning as something that extends beyond school, through everyday problem-solving and small improvements. Evenings are quieter, shaped by a mix of personal time and check-ins with relatives or close friends, who offer steady companionship. On weekends, he often keeps things simple, seeing relatives when possible, attending occasional community or religious gatherings, and taking time to rest. Across these routines, he places value on reliability, treating others fairly, and doing his share, whether at work, at home, or in the broader community."
16,"At 35, this man in the West balances work, personal commitments, and quiet plans for the next few years. On a typical workday, he heads to his production or transportation job, spending the bulk of the day working with machines, tools, or vehicles, following routines that keep goods and people moving reliably. With a graduate degree, he tends to see learning as something that extends beyond school, through everyday problem-solving and small improvements. After work, he usually returns home to a spouse, sharing dinner, stories from the day, and the quiet tasks that keep the household running. Free time is divided between staying in touch with family, keeping up with a few close friends, and handling everyday chores like shopping and cooking. Across these routines, he places value on reliability, treating others fairly, and doing his share, whether at work, at home, or in the broader community."
17,"At 36, this man in the West balances work, personal commitments, and quiet plans for the next few years. On a typical workday, he heads to his production or transportation job, spending the bulk of the day working with machines, tools, or vehicles, following routines that keep goods and people moving reliably. With some college or technical training, he tends to see learning as something that extends beyond school, through everyday problem-solving and small improvements. Outside of work, he stays connected through a small circle of friends and relatives, trading messages and visits that break up the week. Free time is divided between staying in touch with family, keeping up with a few close friends, and handling everyday chores like shopping and cooking. Across these routines, he places value on reliability, treating others fairly, and doing his share, whether at work, at home, or in the broader community."
18,"At 37, this woman in the Midwest balances work, personal commitments, and quiet plans for the next few years. On a typical workday, she heads to her management or professional job, spending the bulk of the day in an office setting, juggling emails, meetings, and longer-term projects that require planning and careful follow-through. With a college degree, she tends to see learning as something that extends beyond school, through everyday problem-solving and small improvements. After work, she usually returns home to a spouse, sharing dinner, stories from the day, and the quiet tasks that keep the household running. Free time is divided between staying in touch with family, keeping up with a few close friends, and handling everyday chores like shopping and cooking. Across these routines, she places value on reliability, treating others fairly, and doing her share, whether at work, at home, or in the broader community."
19,"She is 56 years old, she has settled into a steady rhythm in the Midwest, where routines give structure to most days. On a typical workday, she heads to her management or professional job, spending the bulk of the day in an office setting, juggling emails, meetings, and longer-term projects that require planning and careful follow-through. With a college degree, she tends to see learning as something that extends beyond school, through everyday problem-solving and small improvements. After work, she usually returns home to a spouse, sharing dinner, stories from the day, and the quiet tasks that keep the household running. In spare hours, she prefers familiar routines: a favorite TV program, light reading, or small projects around the home that keep things in order. Across these routines, she places value on reliability, treating others fairly, and doing her share, whether at work, at home, or in the broader community."
20,"She is 71, a woman in the South who values familiar routines and the people she sees most often. On a typical workday, she heads to her construction or maintenance job, spending the bulk of the day doing hands-on work, often outdoors or in busy facilities, where practical skills matter more than formal titles. With a college degree, she tends to see learning as something that extends beyond school, through everyday problem-solving and small improvements. After work, she usually returns home to a spouse, sharing dinner, stories from the day, and the quiet tasks that keep the household running. On weekends, she often keeps things simple, seeing relatives when possible, attending occasional community or religious gatherings, and taking time to rest. Across these routines, she places value on reliability, treating others fairly, and doing her share, whether at work, at home, or in the broader community."
21,"She is 46 years old, she has settled into a steady rhythm in the Midwest, where routines give structure to most days. On a typical workday, she heads to her management or professional job, spending the bulk of the day in an office setting, juggling emails, meetings, and longer-term projects that require planning and careful follow-through. With a college degree, she tends to see learning as something that extends beyond school, through everyday problem-solving and small improvements. After work, she usually returns home to a spouse, sharing dinner, stories from the day, and the quiet tasks that keep the household running. In spare hours, she prefers familiar routines: a favorite TV program, light reading, or small projects around the home that keep things in order. Across these routines, she places value on reliability, treating others fairly, and doing her share, whether at work, at home, or in the broader community."
22,"He is 76, a man in the South who values familiar routines and the people he sees most often. On a typical workday, he heads to his management or professional job, spending the bulk of the day in an office setting, juggling emails, meetings, and longer-term projects that require planning and careful follow-through. With a graduate degree, he tends to see learning as something that extends beyond school, through everyday problem-solving and small improvements. Evenings are quieter, shaped by a mix of personal time and check-ins with relatives or close friends, who offer steady companionship. On weekends, he often keeps things simple, seeing relatives when possible, attending occasional community or religious gatherings, and taking time to rest. Across these routines, he places value on reliability, treating others fairly, and doing his share, whether at work, at home, or in the broader community."
23,"He is 74, a man in the West who values familiar routines and the people he sees most often. On a typical workday, he heads to his construction or maintenance job, spending the bulk of the day doing hands-on work, often outdoors or in busy facilities, where practical skills matter more than formal titles. With a college degree, he tends to see learning as something that extends beyond school, through everyday problem-solving and small improvements. After work, he usually returns home to a spouse, sharing dinner, stories from the day, and the quiet tasks that keep the household running. On weekends, he often keeps things simple, seeing relatives when possible, attending occasional community or religious gatherings, and taking time to rest. Across these routines, he places value on reliability, treating others fairly, and doing his share, whether at work, at home, or in the broader community."
24,"At 40, this man in the West balances work, personal commitments, and quiet plans for the next few years. On a typical workday, he heads to his military job, spending the bulk of the day balancing training, schedules, and duties that demand discipline, teamwork, and attention to detail. With some college or technical training, he tends to see learning as something that extends beyond school, through everyday problem-solving and small improvements. Outside of work, he stays connected through a small circle of friends and relatives, trading messages and visits that break up the week. Free time is divided between staying in touch with family, keeping up with a few close friends, and handling everyday chores like shopping and cooking. Across these routines, he places value on reliability, treating others fairly, and doing his share, whether at work, at home, or in the broader community."
25,"She is 70, a woman in the Northeast who values familiar routines and the people she sees most often. On a typical workday, she heads to her construction or maintenance job, spending the bulk of the day doing hands-on work, often outdoors or in busy facilities, where practical skills matter more than formal titles. With a high school education, she tends to see learning as something that extends beyond school, through everyday problem-solving and small improvements. After work, she usually returns home to a spouse, sharing dinner, stories from the day, and the quiet tasks that keep the household running. On weekends, she often keeps things simple, seeing relatives when possible, attending occasional community or religious gatherings, and taking time to rest. Across these routines, she places value on reliability, treating others fairly, and doing her share, whether at work, at home, or in the broader community."
26,"He is 69, a man in the Midwest who values familiar routines and the people he sees most often. On a typical workday, he heads to his military job, spending the bulk of the day balancing training, schedules, and duties that demand discipline, teamwork, and attention to detail. With a high school education, he tends to see learning as something that extends beyond school, through everyday problem-solving and small improvements. Outside of work, he stays connected through a small circle of friends and relatives, trading messages and visits that break up the week. On weekends, he often keeps things simple, seeing relatives when possible, attending occasional community or religious gatherings, and taking time to rest. Across these routines, he places value on reliability, treating others fairly, and doing his share, whether at work, at home, or in the broader community."
27,"She is 89, a woman in the West who values familiar routines and the people she sees most often. On a typical workday, she heads to her production or transportation job, spending the bulk of the day working with machines, tools, or vehicles, following routines that keep goods and people moving reliably. With less than a high school education, she tends to see learning as something that extends beyond school, through everyday problem-solving and small improvements. Outside of work, she stays connected through a small circle of friends and relatives, trading messages and visits that break up the week. On weekends, she often keeps things simple, seeing relatives when possible, attending occasional community or religious gatherings, and taking time to rest. Across these routines, she places value on reliability, treating others fairly, and doing her share, whether at work, at home, or in the broader community."
28,"She is 61, a woman in the Midwest who values familiar routines and the people she sees most often. On a typical workday, she heads to her production or transportation job, spending the bulk of the day working with machines, tools, or vehicles, following routines that keep goods and people moving reliably. With a high school education, she tends to see learning as something that extends beyond school, through everyday problem-solving and small improvements. Evenings are quieter, shaped by a mix of personal time and check-ins with relatives or close friends, who offer steady companionship. On weekends, she often keeps things simple, seeing relatives when possible, attending occasional community or religious gatherings, and taking time to rest. Across these routines, she places value on reliability, treating others fairly, and doing her share, whether at work, at home, or in the broader community."
29,"At 44, this man in the South balances work, personal commitments, and quiet plans for the next few years. On a typical workday, he heads to his production or transportation job, spending the bulk of the day working with machines, tools, or vehicles, following routines that keep goods and people moving reliably. With a college degree, he tends to see learning as something that extends beyond school, through everyday problem-solving and small improvements. After work, he usually returns home to a spouse, sharing dinner, stories from the day, and the quiet tasks that keep the household running. Free time is divided between staying in touch with family, keeping up with a few close friends, and handling everyday chores like shopping and cooking. Across these routines, he places value on reliability, treating others fairly, and doing his share, whether at work, at home, or in the broader community."
30,"She is 56 years old, she has settled into a steady rhythm in the South, where routines give structure to most days. On a typical workday, she heads to her management or professional job, spending the bulk of the day in an office setting, juggling emails, meetings, and longer-term projects that require planning and careful follow-through. With some college or technical training, she tends to see learning as something that extends beyond school, through everyday problem-solving and small improvements. After work, she usually returns home to a spouse, sharing dinner, stories from the day, and the quiet tasks that keep the household running. In spare hours, she prefers familiar routines: a favorite TV program, light reading, or small projects around the home that keep things in order. Across these routines, she places value on reliability, treating others fairly, and doing her share, whether at work, at home, or in the broader community."
31,"He is 85, a man in the South who values familiar routines and the people he sees most often. On a typical workday, he heads to his production or transportation job, spending the bulk of the day working with machines, tools, or vehicles, following routines that keep goods and people moving reliably. With some college or technical training, he tends to see learning as something that extends beyond school, through everyday problem-solving and small improvements. Evenings are quieter, shaped by a mix of personal time and check-ins with relatives or close friends, who offer steady companionship. On weekends, he often keeps things simple, seeing relatives when possible, attending occasional community or religious gatherings, and taking time to rest. Across these routines, he places value on reliability, treating others fairly, and doing his share, whether at work, at home, or in the broader community."
32,"At 37, this woman in the South balances work, personal commitments, and quiet plans for the next few years. On a typical workday, she heads to her production or transportation job, spending the bulk of the day working with machines, tools, or vehicles, following routines that keep goods and people moving reliably. With some college or technical training, she tends to see learning as something that extends beyond school, through everyday problem-solving and small improvements. After work, she usually returns home to a spouse, sharing dinner, stories from the day, and the quiet tasks that keep the household running. Free time is divided between staying in touch with family, keeping up with a few close friends, and handling everyday chores like shopping and cooking. Across these routines, she places value on reliability, treating others fairly, and doing her share, whether at work, at home, or in the broader community."
33,"He is 70, a man in the South who values familiar routines and the people he sees most often. On a typical workday, he heads to his production or transportation job, spending the bulk of the day working with machines, tools, or vehicles, following routines that keep goods and people moving reliably. With a college degree, he tends to see learning as something that extends beyond school, through everyday problem-solving and small improvements. After work, he usually returns home to a spouse, sharing dinner, stories from the day, and the quiet tasks that keep the household running. On weekends, he often keeps things simple, seeing relatives when possible, attending occasional community or religious gatherings, and taking time to rest. Across these routines, he places value on reliability, treating others fairly, and doing his share, whether at work, at home, or in the broader community."
34,"He is 58 years old, he has settled into a steady rhythm in the West, where routines give structure to most days. On a typical workday, he heads to his service job, spending the bulk of the day helping customers or clients face to face, staying on their feet for much of the day and managing unpredictable situations. With a college degree, he tends to see learning as something that extends beyond school, through everyday problem-solving and small improvements. After work, he usually returns home to a spouse, sharing dinner, stories from the day, and the quiet tasks that keep the household running. In spare hours, he prefers familiar routines: a favorite TV program, light reading, or small projects around the home that keep things in order. Across these routines, he places value on reliability, treating others fairly, and doing his share, whether at work, at home, or in the broader community."
35,"He is 67, a man in the West who values familiar routines and the people he sees most often. On a typical workday, he heads to his military job, spending the bulk of the day balancing training, schedules, and duties that demand discipline, teamwork, and attention to detail. With a graduate degree, he tends to see learning as something that extends beyond school, through everyday problem-solving and small improvements. After work, he usually returns home to a spouse, sharing dinner, stories from the day, and the quiet tasks that keep the household running. On weekends, he often keeps things simple, seeing relatives when possible, attending occasional community or religious gatherings, and taking time to rest. Across these routines, he places value on reliability, treating others fairly, and doing his share, whether at work, at home, or in the broader community."
36,"He is 63, a man in the Midwest who values familiar routines and the people he sees most often. On a typical workday, he heads to his management or professional job, spending the bulk of the day in an office setting, juggling emails, meetings, and longer-term projects that require planning and careful follow-through. With a high school education, he tends to see learning as something that extends beyond school, through everyday problem-solving and small improvements. Evenings are quieter, shaped by a mix of personal time and check-ins with relatives or close friends, who offer steady companionship. On weekends, he often keeps things simple, seeing relatives when possible, attending occasional community or religious gatherings, and taking time to rest. Across these routines, he places value on reliability, treating others fairly, and doing his share, whether at work, at home, or in the broader community."
37,"He is 47 years old, he has settled into a steady rhythm in the West, where routines give structure to most days. On a typical workday, he heads to his production or transportation job, spending the bulk of the day working with machines, tools, or vehicles, following routines that keep goods and people moving reliably. With some college or technical training, he tends to see learning as something that extends beyond school, through everyday problem-solving and small improvements. Outside of work, he stays connected through a small circle of friends and relatives, trading messages and visits that break up the week. In spare hours, he prefers familiar routines: a favorite TV program, light reading, or small projects around the home that keep things in order. Across these routines, he places value on reliability, treating others fairly, and doing his share, whether at work, at home, or in the broader community."
38,"He is 63, a man in the West who values familiar routines and the people he sees most often. On a typical workday, he heads to his construction or maintenance job, spending the bulk of the day doing hands-on work, often outdoors or in busy facilities, where practical skills matter more than formal titles. With some college or technical training, he tends to see learning as something that extends beyond school, through everyday problem-solving and small improvements. Evenings are quieter, shaped by a mix of personal time and check-ins with relatives or close friends, who offer steady companionship. On weekends, he often keeps things simple, seeing relatives when possible, attending occasional community or religious gatherings, and taking time to rest. Across these routines, he places value on reliability, treating others fairly, and doing his share, whether at work, at home, or in the broader community."
39,"She is 69, a woman in the Midwest who values familiar routines and the people she sees most often. On a typical workday, she heads to her production or transportation job, spending the bulk of the day working with machines, tools, or vehicles, following routines that keep goods and people moving reliably. With a high school education, she tends to see learning as something that extends beyond school, through everyday problem-solving and small improvements. After work, she usually returns home to a spouse, sharing dinner, stories from the day, and the quiet tasks that keep the household running. On weekends, she often keeps things simple, seeing relatives when possible, attending occasional community or religious gatherings, and taking time to rest. Across these routines, she places value on reliability, treating others fairly, and doing her share, whether at work, at home, or in the broader community."
40,"She is 55 years old, she has settled into a steady rhythm in the Midwest, where routines give structure to most days. On a typical workday, she heads to her production or transportation job, spending the bulk of the day working with machines, tools, or vehicles, following routines that keep goods and people moving reliably. With some college or technical training, she tends to see learning as something that extends beyond school, through everyday problem-solving and small improvements. After work, she usually returns home to a spouse, sharing dinner, stories from the day, and the quiet tasks that keep the household running. In spare hours, she prefers familiar routines: a favorite TV program, light reading, or small projects around the home that keep things in order. Across these routines, she places value on reliability, treating others fairly, and doing her share, whether at work, at home, or in the broader community."
41,"At 37, this man in the South balances work, personal commitments, and quiet plans for the next few years. On a typical workday, he heads to his service job, spending the bulk of the day helping customers or clients face to face, staying on their feet for much of the day and managing unpredictable situations. With a graduate degree, he tends to see learning as something that extends beyond school, through everyday problem-solving and small improvements. After work, he usually returns home to a spouse, sharing dinner, stories from the day, and the quiet tasks that keep the household running. Free time is divided between staying in touch with family, keeping up with a few close friends, and handling everyday chores like shopping and cooking. Across these routines, he places value on reliability, treating others fairly, and doing his share, whether at work, at home, or in the broader community."
42,"He is 64, a man in the West who values familiar routines and the people he sees most often. On a typical workday, he heads to his management or professional job, spending the bulk of the day in an office setting, juggling emails, meetings, and longer-term projects that require planning and careful follow-through. With some college or technical training, he tends to see learning as something that extends beyond school, through everyday problem-solving and small improvements. After work, he usually returns home to a spouse, sharing dinner, stories from the day, and the quiet tasks that keep the household running. On weekends, he often keeps things simple, seeing relatives when possible, attending occasional community or religious gatherings, and taking time to rest. Across these routines, he places value on reliability, treating others fairly, and doing his share, whether at work, at home, or in the broader community."
43,"She is 59 years old, she has settled into a steady rhythm in the West, where routines give structure to most days. On a typical workday, she heads to her production or transportation job, spending the bulk of the day working with machines, tools, or vehicles, following routines that keep goods and people moving reliably. With a college degree, she tends to see learning as something that extends beyond school, through everyday problem-solving and small improvements. Evenings are quieter, shaped by a mix of personal time and check-ins with relatives or close friends, who offer steady companionship. In spare hours, she prefers familiar routines: a favorite TV program, light reading, or small projects around the home that keep things in order. Across these routines, she places value on reliability, treating others fairly, and doing her share, whether at work, at home, or in the broader community."
44,"He is 29, a man living in the Northeast, still shaping his path in work and life. On a typical workday, he heads to his production or transportation job, spending the bulk of the day working with machines, tools, or vehicles, following routines that keep goods and people moving reliably. With less than a high school education, he tends to see learning as something that extends beyond school, through everyday problem-solving and small improvements. Outside of work, he stays connected through a small circle of friends and relatives, trading messages and visits that break up the week. Weeknights might include meeting a friend after work, watching shows, or scrolling through messages, while weekends are reserved for casual gatherings, errands, and catching up on rest. Across these routines, he places value on reliability, treating others fairly, and doing his share, whether at work, at home, or in the broader community."
45,"She is 63, a woman in the South who values familiar routines and the people she sees most often. On a typical workday, she heads to her production or transportation job, spending the bulk of the day working with machines, tools, or vehicles, following routines that keep goods and people moving reliably. With a high school education, she tends to see learning as something that extends beyond school, through everyday problem-solving and small improvements. Evenings are quieter, shaped by a mix of personal time and check-ins with relatives or close friends, who offer steady companionship. On weekends, she often keeps things simple, seeing relatives when possible, attending occasional community or religious gatherings, and taking time to rest. Across these routines, she places value on reliability, treating others fairly, and doing her share, whether at work, at home, or in the broader community."
46,"At 32, this man in the South balances work, personal commitments, and quiet plans for the next few years. On a typical workday, he heads to his sales or office job, spending the bulk of the day interacting with coworkers and customers, answering calls, and keeping things organized behind the scenes. With a graduate degree, he tends to see learning as something that extends beyond school, through everyday problem-solving and small improvements. After work, he usually returns home to a spouse, sharing dinner, stories from the day, and the quiet tasks that keep the household running. Free time is divided between staying in touch with family, keeping up with a few close friends, and handling everyday chores like shopping and cooking. Across these routines, he places value on reliability, treating others fairly, and doing his share, whether at work, at home, or in the broader community."
47,"She is 70, a woman in the South who values familiar routines and the people she sees most often. On a typical workday, she heads to her construction or maintenance job, spending the bulk of the day doing hands-on work, often outdoors or in busy facilities, where practical skills matter more than formal titles. With some college or technical training, she tends to see learning as something that extends beyond school, through everyday problem-solving and small improvements. Evenings are quieter, shaped by a mix of personal time and check-ins with relatives or close friends, who offer steady companionship. On weekends, she often keeps things simple, seeing relatives when possible, attending occasional community or religious gatherings, and taking time to rest. Across these routines, she places value on reliability, treating others fairly, and doing her share, whether at work, at home, or in the broader community."
48,"He is 25, a man living in the South, still shaping his path in work and life. On a typical workday, he heads to his job that does not fit neatly into a single category, spending the bulk of the day handling a mix of tasks that change from week to week, requiring flexibility and patience. With some college or technical training, he tends to see learning as something that extends beyond school, through everyday problem-solving and small improvements. After work, he usually returns home to a spouse, sharing dinner, stories from the day, and the quiet tasks that keep the household running. Weeknights might include meeting a friend after work, watching shows, or scrolling through messages, while weekends are reserved for casual gatherings, errands, and catching up on rest. Across these routines, he places value on reliability, treating others fairly, and doing his share, whether at work, at home, or in the broader community."
49,"She is 23, a woman living in the Northeast, still shaping her path in work and life. On a typical workday, she heads to her management or professional job, spending the bulk of the day in an office setting, juggling emails, meetings, and longer-term projects that require planning and careful follow-through. With a graduate degree, she tends to see learning as something that extends beyond school, through everyday problem-solving and small improvements. Outside of work, she stays connected through a small circle of friends and relatives, trading messages and visits that break up the week. Weeknights might include meeting a friend after work, watching shows, or scrolling through messages, while weekends are reserved for casual gatherings, errands, and catching up on rest. Across these routines, she places value on reliability, treating others fairly, and doing her share, whether at work, at home, or in the broader community."
50,"He is 24, a man living in the South, still shaping his path in work and life. On a typical workday, he heads to his production or transportation job, spending the bulk of the day working with machines, tools, or vehicles, following routines that keep goods and people moving reliably. With a high school education, he tends to see learning as something that extends beyond school, through everyday problem-solving and small improvements. Outside of work, he stays connected through a small circle of friends and relatives, trading messages and visits that break up the week. Weeknights might include meeting a friend after work, watching shows, or scrolling through messages, while weekends are reserved for casual gatherings, errands, and catching up on rest. Across these routines, he places value on reliability, treating others fairly, and doing his share, whether at work, at home, or in the broader community."
51,"He is 27, a man living in the Northeast, still shaping his path in work and life. On a typical workday, he heads to his production or transportation job, spending the bulk of the day working with machines, tools, or vehicles, following routines that keep goods and people moving reliably. With a college degree, he tends to see learning as something that extends beyond school, through everyday problem-solving and small improvements. After work, he usually returns home to a spouse, sharing dinner, stories from the day, and the quiet tasks that keep the household running. Weeknights might include meeting a friend after work, watching shows, or scrolling through messages, while weekends are reserved for casual gatherings, errands, and catching up on rest. Across these routines, he places value on reliability, treating others fairly, and doing his share, whether at work, at home, or in the broader community."
52,"At 39, this man in the Midwest balances work, personal commitments, and quiet plans for the next few years. On a typical workday, he heads to his construction or maintenance job, spending the bulk of the day doing hands-on work, often outdoors or in busy facilities, where practical skills matter more than formal titles. With a college degree, he tends to see learning as something that extends beyond school, through everyday problem-solving and small improvements. After work, he usually returns home to a spouse, sharing dinner, stories from the day, and the quiet tasks that keep the household running. Free time is divided between staying in touch with family, keeping up with a few close friends, and handling everyday chores like shopping and cooking. Across these routines, he places value on reliability, treating others fairly, and doing his share, whether at work, at home, or in the broader community."
53,"She is 27, a woman living in the Midwest, still shaping her path in work and life. On a typical workday, she heads to her production or transportation job, spending the bulk of the day working with machines, tools, or vehicles, following routines that keep goods and people moving reliably. With a high school education, she tends to see learning as something that extends beyond school, through everyday problem-solving and small improvements. Outside of work, she stays connected through a small circle of friends and relatives, trading messages and visits that break up the week. Weeknights might include meeting a friend after work, watching shows, or scrolling through messages, while weekends are reserved for casual gatherings, errands, and catching up on rest. Across these routines, she places value on reliability, treating others fairly, and doing her share, whether at work, at home, or in the broader community."
54,"She is 83, a woman in the South who values familiar routines and the people she sees most often. On a typical workday, she heads to her construction or maintenance job, spending the bulk of the day doing hands-on work, often outdoors or in busy facilities, where practical skills matter more than formal titles. With an advanced professional education, she tends to see learning as something that extends beyond school, through everyday problem-solving and small improvements. Evenings are quieter, shaped by a mix of personal time and check-ins with relatives or close friends, who offer steady companionship. On weekends, she often keeps things simple, seeing relatives when possible, attending occasional community or religious gatherings, and taking time to rest. Across these routines, she places value on reliability, treating others fairly, and doing her share, whether at work, at home, or in the broader community."
55,"She is 83, a woman in the Northeast who values familiar routines and the people she sees most often. On a typical workday, she heads to her management or professional job, spending the bulk of the day in an office setting, juggling emails, meetings, and longer-term projects that require planning and careful follow-through. With a college degree, she tends to see learning as something that extends beyond school, through everyday problem-solving and small improvements. Evenings are quieter, shaped by a mix of personal time and check-ins with relatives or close friends, who offer steady companionship. On weekends, she often keeps things simple, seeing relatives when possible, attending occasional community or religious gatherings, and taking time to rest. Across these routines, she places value on reliability, treating others fairly, and doing her share, whether at work, at home, or in the broader community."
56,"At 37, this man in the West balances work, personal commitments, and quiet plans for the next few years. On a typical workday, he heads to his management or professional job, spending the bulk of the day in an office setting, juggling emails, meetings, and longer-term projects that require planning and careful follow-through. With a graduate degree, he tends to see learning as something that extends beyond school, through everyday problem-solving and small improvements. Outside of work, he stays connected through a small circle of friends and relatives, trading messages and visits that break up the week. Free time is divided between staying in touch with family, keeping up with a few close friends, and handling everyday chores like shopping and cooking. Across these routines, he places value on reliability, treating others fairly, and doing his share, whether at work, at home, or in the broader community."
57,"She is 48 years old, she has settled into a steady rhythm in the South, where routines give structure to most days. On a typical workday, she heads to her production or transportation job, spending the bulk of the day working with machines, tools, or vehicles, following routines that keep goods and people moving reliably. With less than a high school education, she tends to see learning as something that extends beyond school, through everyday problem-solving and small improvements. Evenings are quieter, shaped by a mix of personal time and check-ins with relatives or close friends, who offer steady companionship. In spare hours, she prefers familiar routines: a favorite TV program, light reading, or small projects around the home that keep things in order. Across these routines, she places value on reliability, treating others fairly, and doing her share, whether at work, at home, or in the broader community."
58,"He is 58 years old, he has settled into a steady rhythm in the Midwest, where routines give structure to most days. On a typical workday, he heads to his management or professional job, spending the bulk of the day in an office setting, juggling emails, meetings, and longer-term projects that require planning and careful follow-through. With a college degree, he tends to see learning as something that extends beyond school, through everyday problem-solving and small improvements. After work, he usually returns home to a spouse, sharing dinner, stories from the day, and the quiet tasks that keep the household running. In spare hours, he prefers familiar routines: a favorite TV program, light reading, or small projects around the home that keep things in order. Across these routines, he places value on reliability, treating others fairly, and doing his share, whether at work, at home, or in the broader community."
59,"He is 58 years old, he has settled into a steady rhythm in the West, where routines give structure to most days. On a typical workday, he heads to his service job, spending the bulk of the day helping customers or clients face to face, staying on their feet for much of the day and managing unpredictable situations. With a high school education, he tends to see learning as something that extends beyond school, through everyday problem-solving and small improvements. After work, he usually returns home to a spouse, sharing dinner, stories from the day, and the quiet tasks that keep the household running. In spare hours, he prefers familiar routines: a favorite TV program, light reading, or small projects around the home that keep things in order. Across these routines, he places value on reliability, treating others fairly, and doing his share, whether at work, at home, or in the broader community."
60,"At 42, this man in the South balances work, personal commitments, and quiet plans for the next few years. On a typical workday, he heads to his military job, spending the bulk of the day balancing training, schedules, and duties that demand discipline, teamwork, and attention to detail. With a high school education, he tends to see learning as something that extends beyond school, through everyday problem-solving and small improvements. After work, he usually returns home to a spouse, sharing dinner, stories from the day, and the quiet tasks that keep the household running. Free time is divided between staying in touch with family, keeping up with a few close friends, and handling everyday chores like shopping and cooking. Across these routines, he places value on reliability, treating others fairly, and doing his share, whether at work, at home, or in the broader community."
61,"She is 60, a woman in the West who values familiar routines and the people she sees most often. On a typical workday, she heads to her management or professional job, spending the bulk of the day in an office setting, juggling emails, meetings, and longer-term projects that require planning and careful follow-through. With some college or technical training, she tends to see learning as something that extends beyond school, through everyday problem-solving and small improvements. After work, she usually returns home to a spouse, sharing dinner, stories from the day, and the quiet tasks that keep the household running. On weekends, she often keeps things simple, seeing relatives when possible, attending occasional community or religious gatherings, and taking time to rest. Across these routines, she places value on reliability, treating others fairly, and doing her share, whether at work, at home, or in the broader community."
62,"He is 75, a man in the South who values familiar routines and the people he sees most often. On a typical workday, he heads to his construction or maintenance job, spending the bulk of the day doing hands-on work, often outdoors or in busy facilities, where practical skills matter more than formal titles. With a college degree, he tends to see learning as something that extends beyond school, through everyday problem-solving and small improvements. After work, he usually returns home to a spouse, sharing dinner, stories from the day, and the quiet tasks that keep the household running. On weekends, he often keeps things simple, seeing relatives when possible, attending occasional community or religious gatherings, and taking time to rest. Across these routines, he places value on reliability, treating others fairly, and doing his share, whether at work, at home, or in the broader community."
63,"She is 58 years old, she has settled into a steady rhythm in the South, where routines give structure to most days. On a typical workday, she heads to her production or transportation job, spending the bulk of the day working with machines, tools, or vehicles, following routines that keep goods and people moving reliably. With some college or technical training, she tends to see learning as something that extends beyond school, through everyday problem-solving and small improvements. Evenings are quieter, shaped by a mix of personal time and check-ins with relatives or close friends, who offer steady companionship. In spare hours, she prefers familiar routines: a favorite TV program, light reading, or small projects around the home that keep things in order. Across these routines, she places value on reliability, treating others fairly, and doing her share, whether at work, at home, or in the broader community."
64,"He is 63, a man in the South who values familiar routines and the people he sees most often. On a typical workday, he heads to his military job, spending the bulk of the day balancing training, schedules, and duties that demand discipline, teamwork, and attention to detail. With a college degree, he tends to see learning as something that extends beyond school, through everyday problem-solving and small improvements. Outside of work, he stays connected through a small circle of friends and relatives, trading messages and visits that break up the week. On weekends, he often keeps things simple, seeing relatives when possible, attending occasional community or religious gatherings, and taking time to rest. Across these routines, he places value on reliability, treating others fairly, and doing his share, whether at work, at home, or in the broader community."
65,"He is 60, a man in the South who values familiar routines and the people he sees most often. On a typical workday, he heads to his management or professional job, spending the bulk of the day in an office setting, juggling emails, meetings, and longer-term projects that require planning and careful follow-through. With a graduate degree, he tends to see learning as something that extends beyond school, through everyday problem-solving and small improvements. After work, he usually returns home to a spouse, sharing dinner, stories from the day, and the quiet tasks that keep the household running. On weekends, he often keeps things simple, seeing relatives when possible, attending occasional community or religious gatherings, and taking time to rest. Across these routines, he places value on reliability, treating others fairly, and doing his share, whether at work, at home, or in the broader community."
66,"He is 83, a man in the Northeast who values familiar routines and the people he sees most often. On a typical workday, he heads to his sales or office job, spending the bulk of the day interacting with coworkers and customers, answering calls, and keeping things organized behind the scenes. With an advanced professional education, he tends to see learning as something that extends beyond school, through everyday problem-solving and small improvements. After work, he usually returns home to a spouse, sharing dinner, stories from the day, and the quiet tasks that keep the household running. On weekends, he often keeps things simple, seeing relatives when possible, attending occasional community or religious gatherings, and taking time to rest. Across these routines, he places value on reliability, treating others fairly, and doing his share, whether at work, at home, or in the broader community."
67,"He is 82, a man in the South who values familiar routines and the people he sees most often. On a typical workday, he heads to his sales or office job, spending the bulk of the day interacting with coworkers and customers, answering calls, and keeping things organized behind the scenes. With an advanced professional education, he tends to see learning as something that extends beyond school, through everyday problem-solving and small improvements. After work, he usually returns home to a spouse, sharing dinner, stories from the day, and the quiet tasks that keep the household running. On weekends, he often keeps things simple, seeing relatives when possible, attending occasional community or religious gatherings, and taking time to rest. Across these routines, he places value on reliability, treating others fairly, and doing his share, whether at work, at home, or in the broader community."
68,"She is 64, a woman in the South who values familiar routines and the people she sees most often. On a typical workday, she heads to her construction or maintenance job, spending the bulk of the day doing hands-on work, often outdoors or in busy facilities, where practical skills matter more than formal titles. With a high school education, she tends to see learning as something that extends beyond school, through everyday problem-solving and small improvements. Evenings are quieter, shaped by a mix of personal time and check-ins with relatives or close friends, who offer steady companionship. On weekends, she often keeps things simple, seeing relatives when possible, attending occasional community or religious gatherings, and taking time to rest. Across these routines, she places value on reliability, treating others fairly, and doing her share, whether at work, at home, or in the broader community."
69,"At 35, this man in the Northeast balances work, personal commitments, and quiet plans for the next few years. On a typical workday, he heads to his military job, spending the bulk of the day balancing training, schedules, and duties that demand discipline, teamwork, and attention to detail. With some college or technical training, he tends to see learning as something that extends beyond school, through everyday problem-solving and small improvements. Evenings are quieter, shaped by a mix of personal time and check-ins with relatives or close friends, who offer steady companionship. Free time is divided between staying in touch with family, keeping up with a few close friends, and handling everyday chores like shopping and cooking. Across these routines, he places value on reliability, treating others fairly, and doing his share, whether at work, at home, or in the broader community."
70,"He is 64, a man in the Northeast who values familiar routines and the people he sees most often. On a typical workday, he heads to his management or professional job, spending the bulk of the day in an office setting, juggling emails, meetings, and longer-term projects that require planning and careful follow-through. With a college degree, he tends to see learning as something that extends beyond school, through everyday problem-solving and small improvements. After work, he usually returns home to a spouse, sharing dinner, stories from the day, and the quiet tasks that keep the household running. On weekends, he often keeps things simple, seeing relatives when possible, attending occasional community or religious gatherings, and taking time to rest. Across these routines, he places value on reliability, treating others fairly, and doing his share, whether at work, at home, or in the broader community."
71,"She is 26, a woman living in the South, still shaping her path in work and life. On a typical workday, she heads to her construction or maintenance job, spending the bulk of the day doing hands-on work, often outdoors or in busy facilities, where practical skills matter more than formal titles. With a graduate degree, she tends to see learning as something that extends beyond school, through everyday problem-solving and small improvements. Outside of work, she stays connected through a small circle of friends and relatives, trading messages and visits that break up the week. Weeknights might include meeting a friend after work, watching shows, or scrolling through messages, while weekends are reserved for casual gatherings, errands, and catching up on rest. Across these routines, she places value on reliability, treating others fairly, and doing her share, whether at work, at home, or in the broader community."
72,"At 38, this woman in the South balances work, personal commitments, and quiet plans for the next few years. On a typical workday, she heads to her production or transportation job, spending the bulk of the day working with machines, tools, or vehicles, following routines that keep goods and people moving reliably. With some college or technical training, she tends to see learning as something that extends beyond school, through everyday problem-solving and small improvements. Evenings are quieter, shaped by a mix of personal time and check-ins with relatives or close friends, who offer steady companionship. Free time is divided between staying in touch with family, keeping up with a few close friends, and handling everyday chores like shopping and cooking. Across these routines, she places value on reliability, treating others fairly, and doing her share, whether at work, at home, or in the broader community."
73,"At 38, this woman in the Midwest balances work, personal commitments, and quiet plans for the next few years. On a typical workday, she heads to her production or transportation job, spending the bulk of the day working with machines, tools, or vehicles, following routines that keep goods and people moving reliably. With less than a high school education, she tends to see learning as something that extends beyond school, through everyday problem-solving and small improvements. Outside of work, she stays connected through a small circle of friends and relatives, trading messages and visits that break up the week. Free time is divided between staying in touch with family, keeping up with a few close friends, and handling everyday chores like shopping and cooking. Across these routines, she places value on reliability, treating others fairly, and doing her share, whether at work, at home, or in the broader community."
74,"She is 24, a woman living in the South, still shaping her path in work and life. On a typical workday, she heads to her production or transportation job, spending the bulk of the day working with machines, tools, or vehicles, following routines that keep goods and people moving reliably. With a college degree, she tends to see learning as something that extends beyond school, through everyday problem-solving and small improvements. Outside of work, she stays connected through a small circle of friends and relatives, trading messages and visits that break up the week. Weeknights might include meeting a friend after work, watching shows, or scrolling through messages, while weekends are reserved for casual gatherings, errands, and catching up on rest. Across these routines, she places value on reliability, treating others fairly, and doing her share, whether at work, at home, or in the broader community."
75,"He is 23, a man living in the South, still shaping his path in work and life. On a typical workday, he heads to his management or professional job, spending the bulk of the day in an office setting, juggling emails, meetings, and longer-term projects that require planning and careful follow-through. With a high school education, he tends to see learning as something that extends beyond school, through everyday problem-solving and small improvements. Outside of work, he stays connected through a small circle of friends and relatives, trading messages and visits that break up the week. Weeknights might include meeting a friend after work, watching shows, or scrolling through messages, while weekends are reserved for casual gatherings, errands, and catching up on rest. Across these routines, he places value on reliability, treating others fairly, and doing his share, whether at work, at home, or in the broader community."
76,"She is 21, a woman living in the South, still shaping her path in work and life. On a typical workday, she heads to her production or transportation job, spending the bulk of the day working with machines, tools, or vehicles, following routines that keep goods and people moving reliably. With a high school education, she tends to see learning as something that extends beyond school, through everyday problem-solving and small improvements. Outside of work, she stays connected through a small circle of friends and relatives, trading messages and visits that break up the week. Weeknights might include meeting a friend after work, watching shows, or scrolling through messages, while weekends are reserved for casual gatherings, errands, and catching up on rest. Across these routines, she places value on reliability, treating others fairly, and doing her share, whether at work, at home, or in the broader community."
77,"At 37, this man in the West balances work, personal commitments, and quiet plans for the next few years. On a typical workday, he heads to his military job, spending the bulk of the day balancing training, schedules, and duties that demand discipline, teamwork, and attention to detail. With a graduate degree, he tends to see learning as something that extends beyond school, through everyday problem-solving and small improvements. After work, he usually returns home to a spouse, sharing dinner, stories from the day, and the quiet tasks that keep the household running. Free time is divided between staying in touch with family, keeping up with a few close friends, and handling everyday chores like shopping and cooking. Across these routines, he places value on reliability, treating others fairly, and doing his share, whether at work, at home, or in the broader community."
78,"He is 64, a man in the Midwest who values familiar routines and the people he sees most often. On a typical workday, he heads to his construction or maintenance job, spending the bulk of the day doing hands-on work, often outdoors or in busy facilities, where practical skills matter more than formal titles. With a high school education, he tends to see learning as something that extends beyond school, through everyday problem-solving and small improvements. After work, he usually returns home to a spouse, sharing dinner, stories from the day, and the quiet tasks that keep the household running. On weekends, he often keeps things simple, seeing relatives when possible, attending occasional community or religious gatherings, and taking time to rest. Across these routines, he places value on reliability, treating others fairly, and doing his share, whether at work, at home, or in the broader community."
79,"At 30, this woman in the West balances work, personal commitments, and quiet plans for the next few years. On a typical workday, she heads to her production or transportation job, spending the bulk of the day working with machines, tools, or vehicles, following routines that keep goods and people moving reliably. With less than a high school education, she tends to see learning as something that extends beyond school, through everyday problem-solving and small improvements. Outside of work, she stays connected through a small circle of friends and relatives, trading messages and visits that break up the week. Free time is divided between staying in touch with family, keeping up with a few close friends, and handling everyday chores like shopping and cooking. Across these routines, she places value on reliability, treating others fairly, and doing her share, whether at work, at home, or in the broader community."
80,"At 31, this man in the Midwest balances work, personal commitments, and quiet plans for the next few years. On a typical workday, he heads to his military job, spending the bulk of the day balancing training, schedules, and duties that demand discipline, teamwork, and attention to detail. With a high school education, he tends to see learning as something that extends beyond school, through everyday problem-solving and small improvements. Outside of work, he stays connected through a small circle of friends and relatives, trading messages and visits that break up the week. Free time is divided between staying in touch with family, keeping up with a few close friends, and handling everyday chores like shopping and cooking. Across these routines, he places value on reliability, treating others fairly, and doing his share, whether at work, at home, or in the broader community."
81,"He is 63, a man in the West who values familiar routines and the people he sees most often. On a typical workday, he heads to his military job, spending the bulk of the day balancing training, schedules, and duties that demand discipline, teamwork, and attention to detail. With some college or technical training, he tends to see learning as something that extends beyond school, through everyday problem-solving and small improvements. Evenings are quieter, shaped by a mix of personal time and check-ins with relatives or close friends, who offer steady companionship. On weekends, he often keeps things simple, seeing relatives when possible, attending occasional community or religious gatherings, and taking time to rest. Across these routines, he places value on reliability, treating others fairly, and doing his share, whether at work, at home, or in the broader community."
82,"She is 51 years old, she has settled into a steady rhythm in the Northeast, where routines give structure to most days. On a typical workday, she heads to her production or transportation job, spending the bulk of the day working with machines, tools, or vehicles, following routines that keep goods and people moving reliably. With a college degree, she tends to see learning as something that extends beyond school, through everyday problem-solving and small improvements. After work, she usually returns home to a spouse, sharing dinner, stories from the day, and the quiet tasks that keep the household running. In spare hours, she prefers familiar routines: a favorite TV program, light reading, or small projects around the home that keep things in order. Across these routines, she places value on reliability, treating others fairly, and doing her share, whether at work, at home, or in the broader community."
83,"She is 79, a woman in the South who values familiar routines and the people she sees most often. On a typical workday, she heads to her production or transportation job, spending the bulk of the day working with machines, tools, or vehicles, following routines that keep goods and people moving reliably. With some college or technical training, she tends to see learning as something that extends beyond school, through everyday problem-solving and small improvements. Evenings are quieter, shaped by a mix of personal time and check-ins with relatives or close friends, who offer steady companionship. On weekends, she often keeps things simple, seeing relatives when possible, attending occasional community or religious gatherings, and taking time to rest. Across these routines, she places value on reliability, treating others fairly, and doing her share, whether at work, at home, or in the broader community."
84,"He is 45 years old, he has settled into a steady rhythm in the West, where routines give structure to most days. On a typical workday, he heads to his construction or maintenance job, spending the bulk of the day doing hands-on work, often outdoors or in busy facilities, where practical skills matter more than formal titles. With some college or technical training, he tends to see learning as something that extends beyond school, through everyday problem-solving and small improvements. After work, he usually returns home to a spouse, sharing dinner, stories from the day, and the quiet tasks that keep the household running. In spare hours, he prefers familiar routines: a favorite TV program, light reading, or small projects around the home that keep things in order. Across these routines, he places value on reliability, treating others fairly, and doing his share, whether at work, at home, or in the broader community."
85,"He is 78, a man in the West who values familiar routines and the people he sees most often. On a typical workday, he heads to his military job, spending the bulk of the day balancing training, schedules, and duties that demand discipline, teamwork, and attention to detail. With a college degree, he tends to see learning as something that extends beyond school, through everyday problem-solving and small improvements. After work, he usually returns home to a spouse, sharing dinner, stories from the day, and the quiet tasks that keep the household running. On weekends, he often keeps things simple, seeing relatives when possible, attending occasional community or religious gatherings, and taking time to rest. Across these routines, he places value on reliability, treating others fairly, and doing his share, whether at work, at home, or in the broader community."
86,"At 34, this man in the South balances work, personal commitments, and quiet plans for the next few years. On a typical workday, he heads to his sales or office job, spending the bulk of the day interacting with coworkers and customers, answering calls, and keeping things organized behind the scenes. With a graduate degree, he tends to see learning as something that extends beyond school, through everyday problem-solving and small improvements. Outside of work, he stays connected through a small circle of friends and relatives, trading messages and visits that break up the week. Free time is divided between staying in touch with family, keeping up with a few close friends, and handling everyday chores like shopping and cooking. Across these routines, he places value on reliability, treating others fairly, and doing his share, whether at work, at home, or in the broader community."
87,"He is 56 years old, he has settled into a steady rhythm in the Midwest, where routines give structure to most days. On a typical workday, he heads to his military job, spending the bulk of the day balancing training, schedules, and duties that demand discipline, teamwork, and attention to detail. With some college or technical training, he tends to see learning as something that extends beyond school, through everyday problem-solving and small improvements. After work, he usually returns home to a spouse, sharing dinner, stories from the day, and the quiet tasks that keep the household running. In spare hours, he prefers familiar routines: a favorite TV program, light reading, or small projects around the home that keep things in order. Across these routines, he places value on reliability, treating others fairly, and doing his share, whether at work, at home, or in the broader community."
88,"He is 75, a man in the South who values familiar routines and the people he sees most often. On a typical workday, he heads to his military job, spending the bulk of the day balancing training, schedules, and duties that demand discipline, teamwork, and attention to detail. With some college or technical training, he tends to see learning as something that extends beyond school, through everyday problem-solving and small improvements. After work, he usually returns home to a spouse, sharing dinner, stories from the day, and the quiet tasks that keep the household running. On weekends, he often keeps things simple, seeing relatives when possible, attending occasional community or religious gatherings, and taking time to rest. Across these routines, he places value on reliability, treating others fairly, and doing his share, whether at work, at home, or in the broader community."
89,"He is 26, a man living in the West, still shaping his path in work and life. On a typical workday, he heads to his production or transportation job, spending the bulk of the day working with machines, tools, or vehicles, following routines that keep goods and people moving reliably. With some college or technical training, he tends to see learning as something that extends beyond school, through everyday problem-solving and small improvements. Outside of work, he stays connected through a small circle of friends and relatives, trading messages and visits that break up the week. Weeknights might include meeting a friend after work, watching shows, or scrolling through messages, while weekends are reserved for casual gatherings, errands, and catching up on rest. Across these routines, he places value on reliability, treating others fairly, and doing his share, whether at work, at home, or in the broader community."
90,"At 37, this man in the South balances work, personal commitments, and quiet plans for the next few years. On a typical workday, he heads to his production or transportation job, spending the bulk of the day working with machines, tools, or vehicles, following routines that keep goods and people moving reliably. With a college degree, he tends to see learning as something that extends beyond school, through everyday problem-solving and small improvements. After work, he usually returns home to a spouse, sharing dinner, stories from the day, and the quiet tasks that keep the household running. Free time is divided between staying in touch with family, keeping up with a few close friends, and handling everyday chores like shopping and cooking. Across these routines, he places value on reliability, treating others fairly, and doing his share, whether at work, at home, or in the broader community."
91,"She is 29, a woman living in the Midwest, still shaping her path in work and life. On a typical workday, she heads to her production or transportation job, spending the bulk of the day working with machines, tools, or vehicles, following routines that keep goods and people moving reliably. With a graduate degree, she tends to see learning as something that extends beyond school, through everyday problem-solving and small improvements. Outside of work, she stays connected through a small circle of friends and relatives, trading messages and visits that break up the week. Weeknights might include meeting a friend after work, watching shows, or scrolling through messages, while weekends are reserved for casual gatherings, errands, and catching up on rest. Across these routines, she places value on reliability, treating others fairly, and doing her share, whether at work, at home, or in the broader community."
92,"She is 23, a woman living in the South, still shaping her path in work and life. On a typical workday, she heads to her production or transportation job, spending the bulk of the day working with machines, tools, or vehicles, following routines that keep goods and people moving reliably. With some college or technical training, she tends to see learning as something that extends beyond school, through everyday problem-solving and small improvements. Outside of work, she stays connected through a small circle of friends and relatives, trading messages and visits that break up the week. Weeknights might include meeting a friend after work, watching shows, or scrolling through messages, while weekends are reserved for casual gatherings, errands, and catching up on rest. Across these routines, she places value on reliability, treating others fairly, and doing her share, whether at work, at home, or in the broader community."
93,"She is 77, a woman in the West who values familiar routines and the people she sees most often. On a typical workday, she heads to her military job, spending the bulk of the day balancing training, schedules, and duties that demand discipline, teamwork, and attention to detail. With a graduate degree, she tends to see learning as something that extends beyond school, through everyday problem-solving and small improvements. Evenings are quieter, shaped by a mix of personal time and check-ins with relatives or close friends, who offer steady companionship. On weekends, she often keeps things simple, seeing relatives when possible, attending occasional community or religious gatherings, and taking time to rest. Across these routines, she places value on reliability, treating others fairly, and doing her share, whether at work, at home, or in the broader community."
94,"At 34, this man in the West balances work, personal commitments, and quiet plans for the next few years. On a typical workday, he heads to his production or transportation job, spending the bulk of the day working with machines, tools, or vehicles, following routines that keep goods and people moving reliably. With a high school education, he tends to see learning as something that extends beyond school, through everyday problem-solving and small improvements. Outside of work, he stays connected through a small circle of friends and relatives, trading messages and visits that break up the week. Free time is divided between staying in touch with family, keeping up with a few close friends, and handling everyday chores like shopping and cooking. Across these routines, he places value on reliability, treating others fairly, and doing his share, whether at work, at home, or in the broader community."
95,"At 37, this woman in the Midwest balances work, personal commitments, and quiet plans for the next few years. On a typical workday, she heads to her construction or maintenance job, spending the bulk of the day doing hands-on work, often outdoors or in busy facilities, where practical skills matter more than formal titles. With a graduate degree, she tends to see learning as something that extends beyond school, through everyday problem-solving and small improvements. After work, she usually returns home to a spouse, sharing dinner, stories from the day, and the quiet tasks that keep the household running. Free time is divided between staying in touch with family, keeping up with a few close friends, and handling everyday chores like shopping and cooking. Across these routines, she places value on reliability, treating others fairly, and doing her share, whether at work, at home, or in the broader community."
96,"She is 48 years old, she has settled into a steady rhythm in the Midwest, where routines give structure to most days. On a typical workday, she heads to her management or professional job, spending the bulk of the day in an office setting, juggling emails, meetings, and longer-term projects that require planning and careful follow-through. With some college or technical training, she tends to see learning as something that extends beyond school, through everyday problem-solving and small improvements. Evenings are quieter, shaped by a mix of personal time and check-ins with relatives or close friends, who offer steady companionship. In spare hours, she prefers familiar routines: a favorite TV program, light reading, or small projects around the home that keep things in order. Across these routines, she places value on reliability, treating others fairly, and doing her share, whether at work, at home, or in the broader community."
97,"He is 49 years old, he has settled into a steady rhythm in the Midwest, where routines give structure to most days. On a typical workday, he heads to his production or transportation job, spending the bulk of the day working with machines, tools, or vehicles, following routines that keep goods and people moving reliably. With a high school education, he tends to see learning as something that extends beyond school, through everyday problem-solving and small improvements. After work, he usually returns home to a spouse, sharing dinner, stories from the day, and the quiet tasks that keep the household running. In spare hours, he prefers familiar routines: a favorite TV program, light reading, or small projects around the home that keep things in order. Across these routines, he places value on reliability, treating others fairly, and doing his share, whether at work, at home, or in the broader community."
98,"At 40, this woman in the South balances work, personal commitments, and quiet plans for the next few years. On a typical workday, she heads to her production or transportation job, spending the bulk of the day working with machines, tools, or vehicles, following routines that keep goods and people moving reliably. With a high school education, she tends to see learning as something that extends beyond school, through everyday problem-solving and small improvements. After work, she usually returns home to a spouse, sharing dinner, stories from the day, and the quiet tasks that keep the household running. Free time is divided between staying in touch with family, keeping up with a few close friends, and handling everyday chores like shopping and cooking. Across these routines, she places value on reliability, treating others fairly, and doing her share, whether at work, at home, or in the broader community."
99,"He is 23, a man living in the Midwest, still shaping his path in work and life. On a typical workday, he heads to his production or transportation job, spending the bulk of the day working with machines, tools, or vehicles, following routines that keep goods and people moving reliably. With some college or technical training, he tends to see learning as something that extends beyond school, through everyday problem-solving and small improvements. Outside of work, he stays connected through a small circle of friends and relatives, trading messages and visits that break up the week. Weeknights might include meeting a friend after work, watching shows, or scrolling through messages, while weekends are reserved for casual gatherings, errands, and catching up on rest. Across these routines, he places value on reliability, treating others fairly, and doing his share, whether at work, at home, or in the broader community."
100,"He is 59 years old, he has settled into a steady rhythm in the Northeast, where routines give structure to most days. On a typical workday, he heads to his sales or office job, spending the bulk of the day interacting with coworkers and customers, answering calls, and keeping things organized behind the scenes. With a college degree, he tends to see learning as something that extends beyond school, through everyday problem-solving and small improvements. Outside of work, he stays connected through a small circle of friends and relatives, trading messages and visits that break up the week. In spare hours, he prefers familiar routines: a favorite TV program, light reading, or small projects around the home that keep things in order. Across these routines, he places value on reliability, treating others fairly, and doing his share, whether at work, at home, or in the broader community."
